model,train_dataset,corruption,severity,n,accuracy,ece,aurc,sel_acc_70
qwen25vl,vqa_rad,clean,0,122,0.762295,0.182749,0.095587,0.860465
qwen25vl,vqa_rad,gaussian_noise,1,122,0.795082,0.170856,0.092615,0.872093
qwen25vl,vqa_rad,gaussian_noise,2,122,0.770492,0.176113,0.092895,0.872093
qwen25vl,vqa_rad,gaussian_noise,3,122,0.803279,0.159649,0.097234,0.860465
qwen25vl,vqa_rad,gaussian_blur,1,122,0.762295,0.177834,0.090521,0.860465
qwen25vl,vqa_rad,gaussian_blur,2,122,0.786885,0.176052,0.098424,0.860465
qwen25vl,vqa_rad,gaussian_blur,3,122,0.811475,0.155925,0.100667,0.848837
qwen25vl,vqa_rad,motion_blur,1,122,0.778689,0.163415,0.094101,0.872093
qwen25vl,vqa_rad,motion_blur,2,122,0.786885,0.146827,0.098463,0.860465
qwen25vl,vqa_rad,motion_blur,3,122,0.811475,0.130991,0.099894,0.872093
qwen25vl,vqa_rad,brightness_shift,1,122,0.762295,0.173402,0.096348,0.860465
qwen25vl,vqa_rad,brightness_shift,2,122,0.762295,0.174518,0.093748,0.860465
qwen25vl,vqa_rad,brightness_shift,3,122,0.786885,0.181834,0.093322,0.872093
qwen25vl,vqa_rad,contrast_shift,1,122,0.762295,0.178938,0.097852,0.872093
qwen25vl,vqa_rad,contrast_shift,2,122,0.778689,0.173753,0.093668,0.860465
qwen25vl,vqa_rad,contrast_shift,3,122,0.778689,0.156582,0.089578,0.872093
qwen25vl,vqa_rad,jpeg_compression,1,122,0.762295,0.166791,0.094899,0.872093
qwen25vl,vqa_rad,jpeg_compression,2,122,0.762295,0.169456,0.092368,0.872093
qwen25vl,vqa_rad,jpeg_compression,3,122,0.786885,0.143398,0.102788,0.848837
qwen25vl,vqa_rad,downscale_upscale,1,122,0.770492,0.156708,0.095007,0.860465
qwen25vl,vqa_rad,downscale_upscale,2,122,0.770492,0.166442,0.089414,0.872093
qwen25vl,vqa_rad,downscale_upscale,3,122,0.795082,0.140886,0.098980,0.860465
qwen25vl,slake_en,clean,0,357,0.787115,0.060433,0.086886,0.884000
qwen25vl,slake_en,gaussian_noise,1,357,0.784314,0.052949,0.098163,0.848000
qwen25vl,slake_en,gaussian_noise,2,357,0.764706,0.043135,0.093780,0.880000
qwen25vl,slake_en,gaussian_noise,3,357,0.750700,0.043434,0.117835,0.824000
qwen25vl,slake_en,gaussian_blur,1,357,0.784314,0.058624,0.094562,0.868000
qwen25vl,slake_en,gaussian_blur,2,357,0.795518,0.040122,0.099622,0.868000
qwen25vl,slake_en,gaussian_blur,3,357,0.764706,0.073283,0.100295,0.840000
qwen25vl,slake_en,motion_blur,1,357,0.792717,0.056023,0.094834,0.872000
qwen25vl,slake_en,motion_blur,2,357,0.728291,0.070797,0.120608,0.860000
qwen25vl,slake_en,motion_blur,3,357,0.731092,0.066147,0.113697,0.836000
qwen25vl,slake_en,brightness_shift,1,357,0.803922,0.055973,0.087152,0.884000
qwen25vl,slake_en,brightness_shift,2,357,0.809524,0.044219,0.082699,0.892000
qwen25vl,slake_en,brightness_shift,3,357,0.803922,0.041533,0.082430,0.888000
qwen25vl,slake_en,contrast_shift,1,357,0.801120,0.040311,0.087450,0.888000
qwen25vl,slake_en,contrast_shift,2,357,0.789916,0.042570,0.083322,0.896000
qwen25vl,slake_en,contrast_shift,3,357,0.798319,0.037063,0.084914,0.888000
qwen25vl,slake_en,jpeg_compression,1,357,0.778711,0.047157,0.085982,0.892000
qwen25vl,slake_en,jpeg_compression,2,357,0.778711,0.036948,0.093389,0.872000
qwen25vl,slake_en,jpeg_compression,3,357,0.801120,0.053430,0.084054,0.880000
qwen25vl,slake_en,downscale_upscale,1,357,0.781513,0.063674,0.086660,0.880000
qwen25vl,slake_en,downscale_upscale,2,357,0.798319,0.045357,0.084874,0.888000
qwen25vl,slake_en,downscale_upscale,3,357,0.784314,0.047643,0.101964,0.864000
qwen25vl,pathvqa,clean,0,2060,0.879126,0.059473,0.032549,0.956311
qwen25vl,pathvqa,gaussian_noise,1,2060,0.876214,0.061778,0.032613,0.955617
qwen25vl,pathvqa,gaussian_noise,2,2060,0.878155,0.058818,0.032484,0.960472
qwen25vl,pathvqa,gaussian_noise,3,2060,0.875243,0.054981,0.033419,0.959085
qwen25vl,pathvqa,gaussian_blur,1,2060,0.880583,0.057073,0.032117,0.957004
qwen25vl,pathvqa,gaussian_blur,2,2060,0.875728,0.058097,0.032190,0.961165
qwen25vl,pathvqa,gaussian_blur,3,2060,0.876699,0.050903,0.033188,0.959778
qwen25vl,pathvqa,motion_blur,1,2060,0.881068,0.055077,0.031100,0.959778
qwen25vl,pathvqa,motion_blur,2,2060,0.881068,0.050234,0.030343,0.961165
qwen25vl,pathvqa,motion_blur,3,2060,0.877670,0.049037,0.031771,0.959085
qwen25vl,pathvqa,brightness_shift,1,2060,0.880097,0.057753,0.032343,0.953537
qwen25vl,pathvqa,brightness_shift,2,2060,0.880583,0.056143,0.032550,0.952843
qwen25vl,pathvqa,brightness_shift,3,2060,0.882039,0.051733,0.031506,0.953537
qwen25vl,pathvqa,contrast_shift,1,2060,0.881553,0.056473,0.032735,0.954230
qwen25vl,pathvqa,contrast_shift,2,2060,0.880097,0.055747,0.032209,0.957004
qwen25vl,pathvqa,contrast_shift,3,2060,0.883010,0.048783,0.032534,0.953537
qwen25vl,pathvqa,jpeg_compression,1,2060,0.877670,0.060073,0.031303,0.957698
qwen25vl,pathvqa,jpeg_compression,2,2060,0.883010,0.057653,0.031484,0.961165
qwen25vl,pathvqa,jpeg_compression,3,2060,0.876214,0.058432,0.032024,0.959778
qwen25vl,pathvqa,downscale_upscale,1,2060,0.880583,0.058764,0.032527,0.956311
qwen25vl,pathvqa,downscale_upscale,2,2060,0.880097,0.057515,0.032073,0.955617
qwen25vl,pathvqa,downscale_upscale,3,2060,0.876214,0.056917,0.032386,0.957698
internvl,vqa_rad,clean,0,122,0.795082,0.168884,0.142948,0.860465
internvl,vqa_rad,gaussian_noise,1,122,0.778689,0.165897,0.149650,0.848837
internvl,vqa_rad,gaussian_noise,2,122,0.778689,0.184086,0.151635,0.848837
internvl,vqa_rad,gaussian_noise,3,122,0.762295,0.185845,0.148831,0.848837
internvl,vqa_rad,gaussian_blur,1,122,0.786885,0.145444,0.149547,0.837209
internvl,vqa_rad,gaussian_blur,2,122,0.778689,0.188905,0.151251,0.837209
internvl,vqa_rad,gaussian_blur,3,122,0.762295,0.171474,0.143928,0.825581
internvl,vqa_rad,motion_blur,1,122,0.795082,0.173655,0.146757,0.848837
internvl,vqa_rad,motion_blur,2,122,0.786885,0.174606,0.154630,0.802326
internvl,vqa_rad,motion_blur,3,122,0.770492,0.177448,0.153706,0.813953
internvl,vqa_rad,brightness_shift,1,122,0.803279,0.172761,0.144446,0.860465
internvl,vqa_rad,brightness_shift,2,122,0.803279,0.175247,0.153333,0.860465
internvl,vqa_rad,brightness_shift,3,122,0.795082,0.176081,0.150721,0.837209
internvl,vqa_rad,contrast_shift,1,122,0.803279,0.177829,0.141949,0.848837
internvl,vqa_rad,contrast_shift,2,122,0.803279,0.164016,0.150789,0.848837
internvl,vqa_rad,contrast_shift,3,122,0.795082,0.156972,0.146532,0.837209
internvl,vqa_rad,jpeg_compression,1,122,0.795082,0.179353,0.147877,0.848837
internvl,vqa_rad,jpeg_compression,2,122,0.778689,0.164396,0.141256,0.848837
internvl,vqa_rad,jpeg_compression,3,122,0.795082,0.168931,0.150212,0.837209
internvl,vqa_rad,downscale_upscale,1,122,0.795082,0.165293,0.141398,0.860465
internvl,vqa_rad,downscale_upscale,2,122,0.795082,0.168656,0.145865,0.837209
internvl,vqa_rad,downscale_upscale,3,122,0.770492,0.192704,0.150440,0.837209
internvl,slake_en,clean,0,357,0.689076,0.103309,0.148355,0.804000
internvl,slake_en,gaussian_noise,1,357,0.694678,0.097491,0.144422,0.796000
internvl,slake_en,gaussian_noise,2,357,0.680672,0.102722,0.167366,0.780000
internvl,slake_en,gaussian_noise,3,357,0.677871,0.091916,0.185237,0.768000
internvl,slake_en,gaussian_blur,1,357,0.691877,0.108384,0.131018,0.828000
internvl,slake_en,gaussian_blur,2,357,0.680672,0.100935,0.131037,0.816000
internvl,slake_en,gaussian_blur,3,357,0.624650,0.120912,0.179596,0.736000
internvl,slake_en,motion_blur,1,357,0.672269,0.117468,0.152662,0.792000
internvl,slake_en,motion_blur,2,357,0.686275,0.096466,0.163489,0.776000
internvl,slake_en,motion_blur,3,357,0.655462,0.110001,0.180029,0.760000
internvl,slake_en,brightness_shift,1,357,0.703081,0.098284,0.147833,0.804000
internvl,slake_en,brightness_shift,2,357,0.697479,0.096380,0.142933,0.816000
internvl,slake_en,brightness_shift,3,357,0.694678,0.097094,0.140773,0.816000
internvl,slake_en,contrast_shift,1,357,0.705882,0.091760,0.145927,0.812000
internvl,slake_en,contrast_shift,2,357,0.700280,0.098756,0.141161,0.808000
internvl,slake_en,contrast_shift,3,357,0.686275,0.110725,0.139974,0.812000
internvl,slake_en,jpeg_compression,1,357,0.689076,0.104281,0.150616,0.784000
internvl,slake_en,jpeg_compression,2,357,0.683473,0.109998,0.156289,0.796000
internvl,slake_en,jpeg_compression,3,357,0.669468,0.117793,0.155023,0.792000
internvl,slake_en,downscale_upscale,1,357,0.700280,0.090930,0.133089,0.820000
internvl,slake_en,downscale_upscale,2,357,0.697479,0.093326,0.135180,0.808000
internvl,slake_en,downscale_upscale,3,357,0.675070,0.113927,0.136605,0.812000
internvl,pathvqa,clean,0,2060,0.896117,0.029825,0.034302,0.950763
internvl,pathvqa,gaussian_noise,1,2060,0.896602,0.028195,0.033709,0.950763
internvl,pathvqa,gaussian_noise,2,2060,0.896602,0.032379,0.035561,0.948682
internvl,pathvqa,gaussian_noise,3,2060,0.890291,0.027738,0.036210,0.948682
internvl,pathvqa,gaussian_blur,1,2060,0.896602,0.033779,0.035161,0.949376
internvl,pathvqa,gaussian_blur,2,2060,0.891748,0.032125,0.038797,0.941748
internvl,pathvqa,gaussian_blur,3,2060,0.883495,0.033949,0.044373,0.929958
internvl,pathvqa,motion_blur,1,2060,0.899029,0.035069,0.035373,0.947295
internvl,pathvqa,motion_blur,2,2060,0.889806,0.029607,0.036508,0.943828
internvl,pathvqa,motion_blur,3,2060,0.889806,0.033756,0.040086,0.938974
internvl,pathvqa,brightness_shift,1,2060,0.898058,0.032109,0.033808,0.950763
internvl,pathvqa,brightness_shift,2,2060,0.892718,0.035753,0.034001,0.953537
internvl,pathvqa,brightness_shift,3,2060,0.892233,0.033849,0.035260,0.950069
internvl,pathvqa,contrast_shift,1,2060,0.900485,0.032986,0.034061,0.952843
internvl,pathvqa,contrast_shift,2,2060,0.899029,0.031708,0.034456,0.950069
internvl,pathvqa,contrast_shift,3,2060,0.896602,0.032811,0.036622,0.947989
internvl,pathvqa,jpeg_compression,1,2060,0.895631,0.030966,0.034761,0.950069
internvl,pathvqa,jpeg_compression,2,2060,0.890777,0.032689,0.038201,0.943828
internvl,pathvqa,jpeg_compression,3,2060,0.883010,0.030416,0.040413,0.939667
internvl,pathvqa,downscale_upscale,1,2060,0.898058,0.031071,0.034759,0.950069
internvl,pathvqa,downscale_upscale,2,2060,0.898544,0.031596,0.035273,0.947295
internvl,pathvqa,downscale_upscale,3,2060,0.894660,0.031229,0.038352,0.942441
llavaov,vqa_rad,clean,0,122,0.663934,0.215052,0.174246,0.767442
llavaov,vqa_rad,gaussian_noise,1,122,0.680328,0.195680,0.162450,0.755814
llavaov,vqa_rad,gaussian_noise,2,122,0.672131,0.208353,0.178268,0.744186
llavaov,vqa_rad,gaussian_noise,3,122,0.663934,0.228958,0.185180,0.744186
llavaov,vqa_rad,gaussian_blur,1,122,0.696721,0.206191,0.164706,0.767442
llavaov,vqa_rad,gaussian_blur,2,122,0.680328,0.201769,0.162804,0.744186
llavaov,vqa_rad,gaussian_blur,3,122,0.696721,0.161802,0.150858,0.790698
llavaov,vqa_rad,motion_blur,1,122,0.680328,0.217640,0.156069,0.767442
llavaov,vqa_rad,motion_blur,2,122,0.713115,0.173619,0.141535,0.767442
llavaov,vqa_rad,motion_blur,3,122,0.721311,0.140152,0.151338,0.790698
llavaov,vqa_rad,brightness_shift,1,122,0.672131,0.205096,0.176398,0.744186
llavaov,vqa_rad,brightness_shift,2,122,0.672131,0.217838,0.164347,0.779070
llavaov,vqa_rad,brightness_shift,3,122,0.688525,0.178583,0.164642,0.755814
llavaov,vqa_rad,contrast_shift,1,122,0.639344,0.231114,0.177503,0.755814
llavaov,vqa_rad,contrast_shift,2,122,0.672131,0.210192,0.181300,0.744186
llavaov,vqa_rad,contrast_shift,3,122,0.672131,0.222119,0.180292,0.744186
llavaov,vqa_rad,jpeg_compression,1,122,0.680328,0.197132,0.176582,0.755814
llavaov,vqa_rad,jpeg_compression,2,122,0.721311,0.206356,0.160386,0.779070
llavaov,vqa_rad,jpeg_compression,3,122,0.680328,0.242675,0.184206,0.720930
llavaov,vqa_rad,downscale_upscale,1,122,0.647541,0.224122,0.173702,0.755814
llavaov,vqa_rad,downscale_upscale,2,122,0.680328,0.222690,0.158113,0.744186
llavaov,vqa_rad,downscale_upscale,3,122,0.696721,0.175107,0.146944,0.744186
llavaov,slake_en,clean,0,357,0.736695,0.198445,0.383019,0.732000
llavaov,slake_en,gaussian_noise,1,357,0.714286,0.218776,0.388878,0.732000
llavaov,slake_en,gaussian_noise,2,357,0.722689,0.209234,0.388490,0.728000
llavaov,slake_en,gaussian_noise,3,357,0.689076,0.231119,0.379996,0.720000
llavaov,slake_en,gaussian_blur,1,357,0.725490,0.204811,0.370161,0.728000
llavaov,slake_en,gaussian_blur,2,357,0.731092,0.222082,0.368375,0.712000
llavaov,slake_en,gaussian_blur,3,357,0.708683,0.211253,0.373053,0.732000
llavaov,slake_en,motion_blur,1,357,0.733894,0.215434,0.378505,0.732000
llavaov,slake_en,motion_blur,2,357,0.742297,0.189160,0.365385,0.748000
llavaov,slake_en,motion_blur,3,357,0.717087,0.192102,0.382487,0.744000
llavaov,slake_en,brightness_shift,1,357,0.739496,0.192142,0.383417,0.740000
llavaov,slake_en,brightness_shift,2,357,0.731092,0.204106,0.389271,0.720000
llavaov,slake_en,brightness_shift,3,357,0.733894,0.215985,0.392969,0.716000
llavaov,slake_en,contrast_shift,1,357,0.745098,0.195652,0.377979,0.740000
llavaov,slake_en,contrast_shift,2,357,0.742297,0.205575,0.376749,0.736000
llavaov,slake_en,contrast_shift,3,357,0.747899,0.213347,0.372484,0.720000
llavaov,slake_en,jpeg_compression,1,357,0.733894,0.199610,0.374932,0.728000
llavaov,slake_en,jpeg_compression,2,357,0.736695,0.203656,0.377809,0.728000
llavaov,slake_en,jpeg_compression,3,357,0.731092,0.210359,0.378192,0.740000
llavaov,slake_en,downscale_upscale,1,357,0.731092,0.213177,0.377797,0.724000
llavaov,slake_en,downscale_upscale,2,357,0.731092,0.227097,0.378282,0.720000
llavaov,slake_en,downscale_upscale,3,357,0.719888,0.207491,0.358466,0.720000
llavaov,pathvqa,clean,0,2060,0.754854,0.068781,0.167081,0.808599
llavaov,pathvqa,gaussian_noise,1,2060,0.763107,0.082339,0.165812,0.807906
llavaov,pathvqa,gaussian_noise,2,2060,0.753398,0.072044,0.167300,0.809986
llavaov,pathvqa,gaussian_noise,3,2060,0.735922,0.066328,0.177198,0.795423
llavaov,pathvqa,gaussian_blur,1,2060,0.757282,0.073975,0.170116,0.807212
llavaov,pathvqa,gaussian_blur,2,2060,0.747573,0.068181,0.168605,0.811373
llavaov,pathvqa,gaussian_blur,3,2060,0.720388,0.064907,0.186916,0.781553
llavaov,pathvqa,motion_blur,1,2060,0.749029,0.065641,0.172494,0.800971
llavaov,pathvqa,motion_blur,2,2060,0.744175,0.065263,0.174140,0.793343
llavaov,pathvqa,motion_blur,3,2060,0.725728,0.055536,0.181346,0.780860
llavaov,pathvqa,brightness_shift,1,2060,0.757767,0.071973,0.164681,0.814840
llavaov,pathvqa,brightness_shift,2,2060,0.757767,0.069541,0.163540,0.810680
llavaov,pathvqa,brightness_shift,3,2060,0.762621,0.077275,0.164972,0.808599
llavaov,pathvqa,contrast_shift,1,2060,0.757767,0.067246,0.164648,0.813454
llavaov,pathvqa,contrast_shift,2,2060,0.752427,0.060533,0.165695,0.809293
llavaov,pathvqa,contrast_shift,3,2060,0.745146,0.066607,0.173236,0.807212
llavaov,pathvqa,jpeg_compression,1,2060,0.751456,0.068569,0.176145,0.798197
llavaov,pathvqa,jpeg_compression,2,2060,0.749515,0.066631,0.175760,0.796117
llavaov,pathvqa,jpeg_compression,3,2060,0.734466,0.068622,0.183393,0.790569
llavaov,pathvqa,downscale_upscale,1,2060,0.757282,0.073879,0.169988,0.812067
llavaov,pathvqa,downscale_upscale,2,2060,0.753883,0.078442,0.172965,0.807906
llavaov,pathvqa,downscale_upscale,3,2060,0.751942,0.072462,0.168765,0.809986
smolvlm,vqa_rad,clean,0,122,0.827869,0.080488,0.109659,0.872093
smolvlm,vqa_rad,gaussian_noise,1,122,0.819672,0.145930,0.117950,0.860465
smolvlm,vqa_rad,gaussian_noise,2,122,0.803279,0.122345,0.133490,0.825581
smolvlm,vqa_rad,gaussian_noise,3,122,0.737705,0.118593,0.169035,0.813953
smolvlm,vqa_rad,gaussian_blur,1,122,0.844262,0.115495,0.109138,0.872093
smolvlm,vqa_rad,gaussian_blur,2,122,0.786885,0.104561,0.146974,0.837209
smolvlm,vqa_rad,gaussian_blur,3,122,0.729508,0.133084,0.149240,0.802326
smolvlm,vqa_rad,motion_blur,1,122,0.819672,0.109154,0.135256,0.860465
smolvlm,vqa_rad,motion_blur,2,122,0.778689,0.119139,0.175254,0.813953
smolvlm,vqa_rad,motion_blur,3,122,0.729508,0.196553,0.219220,0.755814
smolvlm,vqa_rad,brightness_shift,1,122,0.819672,0.141075,0.111849,0.872093
smolvlm,vqa_rad,brightness_shift,2,122,0.770492,0.127803,0.138396,0.825581
smolvlm,vqa_rad,brightness_shift,3,122,0.770492,0.143471,0.164421,0.802326
smolvlm,vqa_rad,contrast_shift,1,122,0.786885,0.090555,0.111943,0.883721
smolvlm,vqa_rad,contrast_shift,2,122,0.786885,0.145267,0.129327,0.848837
smolvlm,vqa_rad,contrast_shift,3,122,0.795082,0.143654,0.134926,0.802326
smolvlm,vqa_rad,jpeg_compression,1,122,0.819672,0.091698,0.096182,0.895349
smolvlm,vqa_rad,jpeg_compression,2,122,0.803279,0.093692,0.111804,0.883721
smolvlm,vqa_rad,jpeg_compression,3,122,0.762295,0.118305,0.130172,0.813953
smolvlm,vqa_rad,downscale_upscale,1,122,0.819672,0.095451,0.105819,0.895349
smolvlm,vqa_rad,downscale_upscale,2,122,0.811475,0.115502,0.104528,0.860465
smolvlm,vqa_rad,downscale_upscale,3,122,0.770492,0.139676,0.152449,0.813953
smolvlm,slake_en,clean,0,357,0.677871,0.184216,0.208740,0.744000
smolvlm,slake_en,gaussian_noise,1,357,0.680672,0.174520,0.213692,0.736000
smolvlm,slake_en,gaussian_noise,2,357,0.683473,0.182195,0.216000,0.724000
smolvlm,slake_en,gaussian_noise,3,357,0.677871,0.176614,0.206185,0.716000
smolvlm,slake_en,gaussian_blur,1,357,0.689076,0.175160,0.191493,0.736000
smolvlm,slake_en,gaussian_blur,2,357,0.677871,0.169895,0.214854,0.732000
smolvlm,slake_en,gaussian_blur,3,357,0.655462,0.183312,0.263858,0.696000
smolvlm,slake_en,motion_blur,1,357,0.635854,0.212713,0.276515,0.684000
smolvlm,slake_en,motion_blur,2,357,0.666667,0.185877,0.277747,0.696000
smolvlm,slake_en,motion_blur,3,357,0.663866,0.206642,0.280726,0.704000
smolvlm,slake_en,brightness_shift,1,357,0.697479,0.167936,0.209071,0.732000
smolvlm,slake_en,brightness_shift,2,357,0.683473,0.184696,0.206089,0.732000
smolvlm,slake_en,brightness_shift,3,357,0.661064,0.196226,0.208367,0.736000
smolvlm,slake_en,contrast_shift,1,357,0.708683,0.166279,0.201618,0.736000
smolvlm,slake_en,contrast_shift,2,357,0.677871,0.181535,0.194489,0.732000
smolvlm,slake_en,contrast_shift,3,357,0.675070,0.180803,0.185141,0.740000
smolvlm,slake_en,jpeg_compression,1,357,0.691877,0.159247,0.190294,0.748000
smolvlm,slake_en,jpeg_compression,2,357,0.694678,0.174575,0.206079,0.720000
smolvlm,slake_en,jpeg_compression,3,357,0.677871,0.168934,0.227097,0.696000
smolvlm,slake_en,downscale_upscale,1,357,0.686275,0.181187,0.219760,0.724000
smolvlm,slake_en,downscale_upscale,2,357,0.689076,0.183078,0.217940,0.716000
smolvlm,slake_en,downscale_upscale,3,357,0.672269,0.189761,0.222232,0.724000
smolvlm,pathvqa,clean,0,2060,0.787864,0.144938,0.073189,0.880028
smolvlm,pathvqa,gaussian_noise,1,2060,0.797573,0.136226,0.067090,0.890430
smolvlm,pathvqa,gaussian_noise,2,2060,0.800000,0.134957,0.066194,0.892510
smolvlm,pathvqa,gaussian_noise,3,2060,0.786408,0.141206,0.072197,0.889043
smolvlm,pathvqa,gaussian_blur,1,2060,0.788350,0.140543,0.071541,0.887656
smolvlm,pathvqa,gaussian_blur,2,2060,0.755825,0.165422,0.088497,0.854369
smolvlm,pathvqa,gaussian_blur,3,2060,0.720874,0.184979,0.115969,0.805132
smolvlm,pathvqa,motion_blur,1,2060,0.793204,0.137300,0.071756,0.892510
smolvlm,pathvqa,motion_blur,2,2060,0.784951,0.147684,0.074031,0.880028
smolvlm,pathvqa,motion_blur,3,2060,0.768932,0.158011,0.085857,0.857143
smolvlm,pathvqa,brightness_shift,1,2060,0.797573,0.140379,0.071826,0.880721
smolvlm,pathvqa,brightness_shift,2,2060,0.781068,0.154126,0.077631,0.873093
smolvlm,pathvqa,brightness_shift,3,2060,0.758738,0.174378,0.090997,0.846741
smolvlm,pathvqa,contrast_shift,1,2060,0.795631,0.144797,0.073977,0.878641
smolvlm,pathvqa,contrast_shift,2,2060,0.780583,0.153210,0.079186,0.869626
smolvlm,pathvqa,contrast_shift,3,2060,0.759709,0.176479,0.091703,0.847434
smolvlm,pathvqa,jpeg_compression,1,2060,0.796602,0.136153,0.067498,0.895978
smolvlm,pathvqa,jpeg_compression,2,2060,0.796602,0.132005,0.068431,0.891123
smolvlm,pathvqa,jpeg_compression,3,2060,0.776699,0.151131,0.078282,0.871706
smolvlm,pathvqa,downscale_upscale,1,2060,0.791748,0.146182,0.073369,0.883495
smolvlm,pathvqa,downscale_upscale,2,2060,0.784951,0.147385,0.073048,0.885576
smolvlm,pathvqa,downscale_upscale,3,2060,0.766505,0.164084,0.086056,0.858530
medgemma,vqa_rad,clean,0,122,0.786885,0.176583,0.156750,0.837209
medgemma,vqa_rad,gaussian_noise,1,122,0.770492,0.187120,0.148838,0.872093
medgemma,vqa_rad,gaussian_noise,2,122,0.778689,0.185194,0.154375,0.848837
medgemma,vqa_rad,gaussian_noise,3,122,0.754098,0.205311,0.166957,0.848837
medgemma,vqa_rad,gaussian_blur,1,122,0.795082,0.172674,0.150833,0.860465
medgemma,vqa_rad,gaussian_blur,2,122,0.803279,0.169294,0.149780,0.848837
medgemma,vqa_rad,gaussian_blur,3,122,0.770492,0.197266,0.175474,0.813953
medgemma,vqa_rad,motion_blur,1,122,0.811475,0.151721,0.153823,0.872093
medgemma,vqa_rad,motion_blur,2,122,0.762295,0.202010,0.159338,0.860465
medgemma,vqa_rad,motion_blur,3,122,0.745902,0.208739,0.179688,0.837209
medgemma,vqa_rad,brightness_shift,1,122,0.803279,0.168861,0.156043,0.848837
medgemma,vqa_rad,brightness_shift,2,122,0.795082,0.175855,0.164680,0.860465
medgemma,vqa_rad,brightness_shift,3,122,0.770492,0.193570,0.173872,0.848837
medgemma,vqa_rad,contrast_shift,1,122,0.795082,0.178526,0.155001,0.837209
medgemma,vqa_rad,contrast_shift,2,122,0.786885,0.197321,0.162636,0.825581
medgemma,vqa_rad,contrast_shift,3,122,0.778689,0.194088,0.178242,0.813953
medgemma,vqa_rad,jpeg_compression,1,122,0.795082,0.174925,0.148754,0.848837
medgemma,vqa_rad,jpeg_compression,2,122,0.786885,0.180738,0.153144,0.837209
medgemma,vqa_rad,jpeg_compression,3,122,0.754098,0.208840,0.162331,0.860465
medgemma,vqa_rad,downscale_upscale,1,122,0.795082,0.178792,0.152651,0.848837
medgemma,vqa_rad,downscale_upscale,2,122,0.803279,0.165799,0.150744,0.860465
medgemma,vqa_rad,downscale_upscale,3,122,0.795082,0.178107,0.152015,0.837209
medgemma,slake_en,clean,0,357,0.871148,0.116011,0.116168,0.944000
medgemma,slake_en,gaussian_noise,1,357,0.868347,0.121916,0.119022,0.944000
medgemma,slake_en,gaussian_noise,2,357,0.859944,0.133529,0.120983,0.936000
medgemma,slake_en,gaussian_noise,3,357,0.865546,0.126064,0.127562,0.916000
medgemma,slake_en,gaussian_blur,1,357,0.859944,0.127523,0.123465,0.924000
medgemma,slake_en,gaussian_blur,2,357,0.848739,0.140140,0.127480,0.924000
medgemma,slake_en,gaussian_blur,3,357,0.848739,0.140072,0.140019,0.908000
medgemma,slake_en,motion_blur,1,357,0.845938,0.145664,0.127036,0.928000
medgemma,slake_en,motion_blur,2,357,0.829132,0.155326,0.130102,0.920000
medgemma,slake_en,motion_blur,3,357,0.820728,0.162323,0.147823,0.924000
medgemma,slake_en,brightness_shift,1,357,0.868347,0.121448,0.115933,0.940000
medgemma,slake_en,brightness_shift,2,357,0.868347,0.121624,0.117338,0.936000
medgemma,slake_en,brightness_shift,3,357,0.865546,0.124168,0.118143,0.940000
medgemma,slake_en,contrast_shift,1,357,0.868347,0.122757,0.116475,0.936000
medgemma,slake_en,contrast_shift,2,357,0.862745,0.124710,0.117289,0.940000
medgemma,slake_en,contrast_shift,3,357,0.865546,0.121325,0.117742,0.936000
medgemma,slake_en,jpeg_compression,1,357,0.871148,0.117845,0.115390,0.940000
medgemma,slake_en,jpeg_compression,2,357,0.857143,0.128031,0.118749,0.932000
medgemma,slake_en,jpeg_compression,3,357,0.851541,0.134031,0.125041,0.920000
medgemma,slake_en,downscale_upscale,1,357,0.865546,0.123535,0.120449,0.936000
medgemma,slake_en,downscale_upscale,2,357,0.865546,0.121668,0.120528,0.932000
medgemma,slake_en,downscale_upscale,3,357,0.854342,0.134147,0.126271,0.924000
medgemma,pathvqa,clean,0,2060,0.546117,0.293188,0.315318,0.511789
medgemma,pathvqa,gaussian_noise,1,2060,0.543204,0.289925,0.313127,0.517337
medgemma,pathvqa,gaussian_noise,2,2060,0.546117,0.299479,0.314668,0.515257
medgemma,pathvqa,gaussian_noise,3,2060,0.544175,0.292384,0.315955,0.508322
medgemma,pathvqa,gaussian_blur,1,2060,0.546117,0.297990,0.314001,0.515950
medgemma,pathvqa,gaussian_blur,2,2060,0.546117,0.295447,0.313119,0.524272
medgemma,pathvqa,gaussian_blur,3,2060,0.543689,0.298443,0.313648,0.518031
medgemma,pathvqa,motion_blur,1,2060,0.545146,0.290037,0.313626,0.514563
medgemma,pathvqa,motion_blur,2,2060,0.545146,0.293601,0.313599,0.515950
medgemma,pathvqa,motion_blur,3,2060,0.545146,0.298401,0.315349,0.509015
medgemma,pathvqa,brightness_shift,1,2060,0.548058,0.295485,0.312987,0.515257
medgemma,pathvqa,brightness_shift,2,2060,0.545146,0.292025,0.312776,0.515950
medgemma,pathvqa,brightness_shift,3,2060,0.546602,0.293658,0.313150,0.515950
medgemma,pathvqa,contrast_shift,1,2060,0.545146,0.295695,0.314259,0.511789
medgemma,pathvqa,contrast_shift,2,2060,0.546602,0.297260,0.313105,0.516644
medgemma,pathvqa,contrast_shift,3,2060,0.545146,0.293544,0.313759,0.513870
medgemma,pathvqa,jpeg_compression,1,2060,0.544660,0.296944,0.314830,0.515257
medgemma,pathvqa,jpeg_compression,2,2060,0.544175,0.296855,0.314558,0.513870
medgemma,pathvqa,jpeg_compression,3,2060,0.543689,0.294288,0.316266,0.513176
medgemma,pathvqa,downscale_upscale,1,2060,0.546602,0.296935,0.316839,0.515257
medgemma,pathvqa,downscale_upscale,2,2060,0.546602,0.294052,0.313334,0.517337
medgemma,pathvqa,downscale_upscale,3,2060,0.545631,0.290832,0.313602,0.515257
huatuo,vqa_rad,clean,0,122,0.819672,0.135033,0.130479,0.837209
huatuo,vqa_rad,gaussian_noise,1,122,0.811475,0.150109,0.134671,0.825581
huatuo,vqa_rad,gaussian_noise,2,122,0.803279,0.123285,0.130810,0.837209
huatuo,vqa_rad,gaussian_noise,3,122,0.786885,0.152048,0.139805,0.825581
huatuo,vqa_rad,gaussian_blur,1,122,0.827869,0.132021,0.128149,0.837209
huatuo,vqa_rad,gaussian_blur,2,122,0.795082,0.127516,0.127793,0.848837
huatuo,vqa_rad,gaussian_blur,3,122,0.795082,0.129429,0.127492,0.837209
huatuo,vqa_rad,motion_blur,1,122,0.811475,0.130865,0.132046,0.848837
huatuo,vqa_rad,motion_blur,2,122,0.811475,0.130558,0.129388,0.837209
huatuo,vqa_rad,motion_blur,3,122,0.803279,0.114149,0.125873,0.837209
huatuo,vqa_rad,brightness_shift,1,122,0.811475,0.140838,0.131728,0.837209
huatuo,vqa_rad,brightness_shift,2,122,0.795082,0.135035,0.142194,0.825581
huatuo,vqa_rad,brightness_shift,3,122,0.803279,0.133766,0.136582,0.825581
huatuo,vqa_rad,contrast_shift,1,122,0.811475,0.123823,0.131551,0.837209
huatuo,vqa_rad,contrast_shift,2,122,0.811475,0.135376,0.130219,0.837209
huatuo,vqa_rad,contrast_shift,3,122,0.786885,0.143153,0.129220,0.837209
huatuo,vqa_rad,jpeg_compression,1,122,0.819672,0.125722,0.131363,0.837209
huatuo,vqa_rad,jpeg_compression,2,122,0.819672,0.118165,0.131580,0.848837
huatuo,vqa_rad,jpeg_compression,3,122,0.786885,0.136119,0.132732,0.837209
huatuo,vqa_rad,downscale_upscale,1,122,0.819672,0.122236,0.129291,0.837209
huatuo,vqa_rad,downscale_upscale,2,122,0.811475,0.133684,0.129480,0.825581
huatuo,vqa_rad,downscale_upscale,3,122,0.795082,0.130148,0.117927,0.848837
huatuo,slake_en,clean,0,357,0.837535,0.082683,0.055784,0.924000
huatuo,slake_en,gaussian_noise,1,357,0.826331,0.099036,0.057930,0.912000
huatuo,slake_en,gaussian_noise,2,357,0.817927,0.096840,0.055946,0.912000
huatuo,slake_en,gaussian_noise,3,357,0.831933,0.081173,0.059509,0.904000
huatuo,slake_en,gaussian_blur,1,357,0.840336,0.085298,0.054472,0.924000
huatuo,slake_en,gaussian_blur,2,357,0.834734,0.096263,0.057509,0.920000
huatuo,slake_en,gaussian_blur,3,357,0.823529,0.078314,0.064312,0.916000
huatuo,slake_en,motion_blur,1,357,0.848739,0.081510,0.051141,0.936000
huatuo,slake_en,motion_blur,2,357,0.840336,0.071340,0.051164,0.932000
huatuo,slake_en,motion_blur,3,357,0.834734,0.049565,0.055497,0.916000
huatuo,slake_en,brightness_shift,1,357,0.845938,0.092655,0.053327,0.932000
huatuo,slake_en,brightness_shift,2,357,0.845938,0.090722,0.051507,0.932000
huatuo,slake_en,brightness_shift,3,357,0.848739,0.092761,0.050659,0.928000
huatuo,slake_en,contrast_shift,1,357,0.843137,0.099167,0.055289,0.932000
huatuo,slake_en,contrast_shift,2,357,0.845938,0.083598,0.051149,0.932000
huatuo,slake_en,contrast_shift,3,357,0.843137,0.083494,0.047429,0.940000
huatuo,slake_en,jpeg_compression,1,357,0.820728,0.096022,0.056656,0.928000
huatuo,slake_en,jpeg_compression,2,357,0.834734,0.091684,0.059386,0.912000
huatuo,slake_en,jpeg_compression,3,357,0.826331,0.100347,0.054979,0.912000
huatuo,slake_en,downscale_upscale,1,357,0.843137,0.084398,0.054954,0.924000
huatuo,slake_en,downscale_upscale,2,357,0.843137,0.074655,0.054980,0.916000
huatuo,slake_en,downscale_upscale,3,357,0.834734,0.079840,0.055355,0.916000
huatuo,pathvqa,clean,0,2060,0.852913,0.074202,0.048775,0.923024
huatuo,pathvqa,gaussian_noise,1,2060,0.852427,0.078512,0.049818,0.923024
huatuo,pathvqa,gaussian_noise,2,2060,0.848544,0.080595,0.052364,0.923717
huatuo,pathvqa,gaussian_noise,3,2060,0.837864,0.090031,0.055095,0.918169
huatuo,pathvqa,gaussian_blur,1,2060,0.854854,0.073756,0.047782,0.927184
huatuo,pathvqa,gaussian_blur,2,2060,0.853883,0.071213,0.050715,0.919556
huatuo,pathvqa,gaussian_blur,3,2060,0.840777,0.080643,0.058816,0.909847
huatuo,pathvqa,motion_blur,1,2060,0.851942,0.076685,0.050309,0.921637
huatuo,pathvqa,motion_blur,2,2060,0.844660,0.077936,0.053964,0.913315
huatuo,pathvqa,motion_blur,3,2060,0.833495,0.084463,0.062941,0.900139
huatuo,pathvqa,brightness_shift,1,2060,0.851942,0.074556,0.049261,0.924411
huatuo,pathvqa,brightness_shift,2,2060,0.852427,0.072517,0.049838,0.921637
huatuo,pathvqa,brightness_shift,3,2060,0.845631,0.076617,0.051871,0.916782
huatuo,pathvqa,contrast_shift,1,2060,0.853398,0.076848,0.048430,0.925104
huatuo,pathvqa,contrast_shift,2,2060,0.848544,0.079141,0.050373,0.920250
huatuo,pathvqa,contrast_shift,3,2060,0.844175,0.081685,0.052293,0.918169
huatuo,pathvqa,jpeg_compression,1,2060,0.858252,0.074205,0.049239,0.924411
huatuo,pathvqa,jpeg_compression,2,2060,0.856796,0.073091,0.049594,0.923717
huatuo,pathvqa,jpeg_compression,3,2060,0.849515,0.076921,0.051566,0.919556
huatuo,pathvqa,downscale_upscale,1,2060,0.854854,0.074032,0.047695,0.924411
huatuo,pathvqa,downscale_upscale,2,2060,0.856796,0.072997,0.047680,0.925798
huatuo,pathvqa,downscale_upscale,3,2060,0.852913,0.071994,0.051085,0.923717
